ID,Source,Page,X1,Y1,X2,Y2,Width,Height,TextLength,Text
W-001,web,1,1453,251,1969,390,516,139,24,"H
駅長がおすすめする寺社を紹介!
1000九州"
W-002,web,1,1734,675,2128,1091,394,416,24,"ぐ社
20252.1(+)
-
10.31(*)"
W-003,web,1,1398,1385,2729,1760,1331,375,128,"2025/6/13
「ぶらり大村線寺社めぐりきっぷ」を発売開始しました。
2025/4/25
「福岡エリア九州寺社めぐりきっぷ」を発売開始しました。
2025/2/21
特別御朱印帳をJR九州商事が運営する通販サイト「九州の旅とお取り寄せ」で発売しました。"
W-004,web,1,960,1532,1196,1587,236,55,4,新着情報
W-005,web,1,1535,2159,2301,2669,766,510,230,"駅長がおすすめする九州の寺社に列車で行こう!
開催期間2025年2月1日土~10月31日金JUIC
開催期間2025年2月1日土~10月31日金
九州には日本に伝わる神話や伝説が多く歴史を持つ寺社があります。
寺社を訪れ、日本の歴史や文化に触れてはいかがでしょうか。参拝した後は「御朱印」をいただきご縁が結ばれた証を持ち帰りましょう。また、JR九州の駅長がおすすめする対象の寺社に
特別御朱印頒布券と初穂料を納めるときっぷ購入者限定の特別御朱印がいただけます。"
W-006,web,1,1878,3299,1945,3756,67,457,7,きっぷのご案内
W-007,web,1,1292,3939,2953,4230,1661,291,101,"おトクなきっぷで九州の寺社めぐりをしよう!JR九州の駅長がおすすめする寺社をめぐるのに便利なきっぷです。
旅名人の九州満喫
福岡エリア九州寺社めぐりきっぷ
寺社めぐりきっぷ
ぶらり大村線寺社めぐりきっぷ"
W-008,web,1,880,4150,1136,4272,256,122,15,ぐるっと九州寺社めぐりきっぷ✓
W-009,web,1,1257,4486,2579,4630,1322,144,36,"\JR九州の普通快速列車が連続する3日間乗り放題!+特典つき/
数量限定"
W-010,web,1,1296,4659,2419,5324,1123,665,81,"ぐるっと九州寺社めぐりきっぷ
2025年1月27日月~10月29日水ご利用期間2025年2月1日土~10月31日金有効期間ご利用開始日から連続する3日間
発売期間"
W-011,web,1,1270,5344,2563,5721,1293,377,135,"※特別御朱印頒布券、特別御朱印帳引換券は10月31日(金)まで
フリー区間
JR九州全線(日田彦山線BRT含む)の普通快速列車の普通車自由席に、連続した3日間乗り放題のきっぷです。別途、特急券をお買い求めいただくと、九州新幹線、西九州新幹線、特急列車がご利用になれます。"
W-012,web,1,1507,5884,2284,6198,777,314,32,"特別御朱印帳付※数量限定
特別御朱印
5枚+頒布券※要初穂料
+"
W-013,web,1,899,6070,1456,6185,557,115,21,JR九州普通快速列車連続する3日間乗り放題
W-014,web,1,1676,6057,2896,6627,1220,570,38,"特別御朱印帳引換券
駅の窓口発売
17,000円
>
1枚
きっぷを購入する"
W-015,web,1,1190,6284,1929,6329,739,45,15,JR九州インターネット列車予約
W-016,web,1,1308,6348,1894,6451,586,103,7,"15,500円"
W-017,web,1,1548,6924,2518,7664,970,740,61,"特別御朱印帳なし
特別御朱印頒布券※要初穂料
JR九州インターネット列車予約14,300円
きっぷを購入する
+
5枚
>"
W-018,web,1,1280,7107,1836,7225,556,118,21,JR九州普通快速列車連続する3日間乗り放題
W-019,web,1,841,7817,2988,8016,2147,199,207,"○JR九州インターネット列車予約のきっぷは「JR九州Web会員」に登録し、「JR九州インターネット列車予約」で、予約・決済(支払い)を行っていただいた場合に発売します。○「JR九州インターネット列車予約」で予約・購入した場合は、ご乗車の前にJR九州の主な駅の「指定席券売機」又は「みどりの窓口」で必ずきっぷを受け取ってからご乗車ください。
携帯電話の予約画面等ではご利用になれません。
○小人用の設定はありません。"
W-020,web,1,1113,8416,2736,10089,1623,1673,425,"九州内の鉄道15局社が1日乗り放題が3回(人)分!旅名人の九州満喫寺社めぐりきっぷ
発売期間2025年4月1日火~10月31日金
ご利用期間2025年4月1日火~10月31日金
有効期間発売日から3カ月以内に3回(人)分※ただし、最終利用日は2025年10月31日(金)まで
フリー区間
九州内の鉄道、軌道線の普通列車の普通車自由席に乗り降り自由です。
次の鉄道・軌道に乗車できます。
九州旅客鉄道(日田彦山線BRT含む)、北九州高速鉄道(モノレール)、
平成筑豊鉄道(門司港レトロ観光列車含む)、筑豊電気鉄道、
福岡市地下鉄、西日本鉄道(西鉄電車)、甘木鉄道、松浦鉄道、島原鉄道、熊本電気鉄道、熊本市電、南阿蘇鉄道、くま川鉄道、肥薩おれんじ鉄道、鹿児島市電※「肥薩線タクシー輸送」(八代~人吉)についてはご利用いただけません。
特別御朱印
九州内の鉄道15局社の
4枚
+
頒布券※要初穂料
1日乗り放題が3回(人)分
駅の窓口発売
12,000円"
W-021,web,1,841,10198,1836,10259,995,61,52,"○JR九州の主な駅で発売します。インターネットでの発売は行っておりません。
○小人用の設定はありません。"
W-022,web,1,1142,10598,2700,13132,1558,2534,381,"新発売!
JR九州の福岡エリアの普通快速列車が1日乗り放題!福岡エリア九州寺社めぐりきっぷ
発売期間2025年4月25日~10月31日金
ご利用期間2025年4月25日~10月31日
1日間
有効期間
※特別御朱印頒布券は10月31日(金)まで
フリー区間
JR九州福岡エリア(下図)の普通快速列車の普通車自由席に、1日乗り放題のきっぷです。
※特急列車及び新幹線はご利用になれません。別途、乗車券と特急券が必要です。
西戸崎
○
吉塚
折尾
○直方
佐賀○〇鳥栖桂川新飯塚田川後藤寺
-○うきは
久留米
大牟田○
宇美
原田。
若松
香椎●
長者原
西小倉小倉門司
-O
○城野
〇中津
博多○O
○門司港
特別御朱印
頒布券※要初穂料
JR九州福岡エリア普通快速列車
1日乗り放題
+
JR九州インターネット列車予約
3,500円
きっぷを購入する
>
6枚"
W-023,web,1,838,13289,2976,13449,2138,160,223,"○JR九州インターネット列車予約でのみ発売します。JR九州の駅の窓口等では発売いたしません。○JR九州インターネット列車予約のきっぷは「JR九州Web会員」に登録し、「JR九州インターネット列車予約」で、予約決済(支払い)を行っていただいた場合に発売します。ご乗車の前にJR九州の主な駅の「指定席券売機」又は「みどりの窓口」で必ずきっぷを受け取ってからご乗車ください。
※携帯電話の予約画面等ではご利用になれません。
○小人用の設定はありません。"
W-024,web,1,841,13865,2771,16560,1930,2695,513,"新発売!
JR九州の長崎~佐世保間の普通快速列車が連続する2日間乗り放題!ぶらり大村線寺社めぐりきっぷ
2025年6月13日~10月30日木
発売期間
ご利用期間2025年6月13日~10月31日金
連続する2日間
有効期間
※特別御朱印頒布券は10月31日(金)まで
フリー区間
※特急列車及び新幹線はご利用になれません。別途、特急券をお買い求めいただくと、西九州新幹線、特急列車にご乗車いただけます。
佐世保Q
彼杵
○新大村◯諫早
喜々津
長与
長崎○
特別御朱印
頒布券※要初穂料
JR九州長崎~佐世保間の普通・快速列車
連続する2日間乗り放題
駅の窓口発売(発売駅は下記のとおり)3,700円
OJR九州長崎支社管内のみどりの窓口及び指定席券売機で発売します。「JR九州インターネット列車予約」での発売は行っておりません。※長崎支社管内みどりの窓口のある駅長崎駅浦上駅諫早駅新大村駅ハウステンボス駅早岐駅佐世保駅有田駅武雄温泉駅・嬉野温泉駅長崎支社管内指定席券売機のある駅長崎駅諫早駅新大村駅ハウステンボス駅早岐駅佐世保駅武雄温泉駅嬉野温泉駅○小人用の設定はありません。
6枚
+
早岐
ハ"
W-025,web,1,1225,14835,2611,14940,1386,105,50,JR九州の長崎~佐世保間(下図)の普通快速列車の普通車自由席に、連続する2日間乗り放題のきっぷです。
W-026,web,1,1881,17036,1942,17353,61,317,5,特別御朱印
W-027,web,1,585,17641,873,18121,288,480,13,"令和年月皇祖神社
皇祖神社"
W-028,web,1,2972,17616,3222,18121,250,505,7,"岡田宮
岡田宮"
W-029,web,1,0,17676,153,18121,153,445,10,"寿命厄除の神
賀神社"
W-030,web,1,1804,17692,2019,18118,215,426,13,"豐山八籓神社
豊山八幡神社"
W-031,web,1,1148,18083,2662,18620,1514,537,170,"「特別御朱印」はきっぷ購入時にお渡しする特別御朱印頒布券を対象の神社、お寺で初穂料と一緒に納めることでいただける特別御朱印です。
※御朱印や特別御朱印の画像はイメージです。※頒布可能日や時間は急遽変わる可能性があります。※初穂料は寺社により異なります。※「特別御朱印頒布券」の有効期限は2025年10月31日(金)です。
春日神社
祖八幡宮"
W-032,web,1,3734,18086,3827,18118,93,32,3,一宮神
W-033,web,1,1881,18889,1939,19276,58,387,6,特別御朱印帳
W-034,web,1,1014,20102,2838,21843,1824,1741,468,"九州旅客鉄道株式会社
つばめ御朱印帳
「ぐるっと九州寺社めぐりきっぷ(特別御朱印帳付)」(数量限定)をご購入時にお渡しする「特別御朱印帳引換券」を指定の駅の観光案内所で提示すると、2種類のJR九州特別御朱印帳のうちお好きな1冊に引き換えできます。
※数に限りがありますので無くなり次第終了となります。※JR九州商事が運営する通販サイト「九州の旅とお取り寄せ」でも発売します。※駅の窓口では引き換えできません。
特別御朱印帳引換え箇所
引換え箇所
引換え時間
対象駅
北九州市総合観光案内所
小倉駅
9:0019:00
8:00-19:00
博多駅総合案内所
博多駅
佐賀駅
佐賀市観光案内所
8:30~18:00(土日祝は17:00まで)
長崎市総合観光案内所
8:0019:00
長崎駅
8:3019:00
大分市観光案内所
大分駅
熊本駅総合観光案内所
9:00-17:30
熊本駅
宮崎市観光案内所
宮崎駅
9:0018:00
鹿児島中央駅総合観光案内所
8:0019:00
鹿児島中央駅
※2025年1月現在
D&S列車御朱印帳"
W-035,web,1,1260,22192,2547,22918,1287,726,33,"御朱印をめぐる
御朱印・御朱印帳ってなに?
御朱印の基礎知識・作法"
W-036,web,1,1958,23052,2969,23516,1011,464,199,神社仏閣を参拝した証としていただくものです。その起源は古く、平安時代頃から巡礼者が書写した経文を奉納した際に受領印を受けるようになり、その「納経帳」がルーツという説が有力とされています。経文を書き写すことで徳を積み、奉納することで現世の安穏が得られると考えられていました。やがて書写しなくても「御朱印」が授与されるよう変化し、「御朱印帳」は参拝した時の感動を保存する証として今も受け継がれています。
W-037,web,1,1171,23766,2665,23859,1494,93,15,御朱印のマナー、まずは参拝から
W-038,web,1,931,24000,2886,24092,1955,92,79,"「御朱印」集めはスタンプラリーではありません。
参拝した証ですので、まずは正しい手順で参拝し、お参りを済ませた後に社務所を訪ねて「御朱印」をお願いしましょう。"
W-039,web,1,1977,24201,3017,25196,1040,995,252,"お寺の一般的な参拝手順
●山門と向かい合い一礼
帽子やサングラスはここで外します。
②尾手水舎(ちょうずや)で身を清める左手→右手を清め→左手で水を受け口をすすぐ再度右手を清め残った水を柄杓の柄に流し清める
③御本尊祀られる本堂にお参り線香やろうそくをお供え→1礼し鰐口があれば静かに鳴らす合掌し仏様と対話→1礼
④寺務所に立ち寄り、御朱印をいただく御朱印帳を小銭を用意し初穂料とともに預ける→カバーなどは外して、書いてもらいたいページを開き上下が正しいか確認して渡す→書き上がったらお礼を言って受取
料"
W-040,web,1,819,24249,1827,25251,1008,1002,264,"神社の一般的な参拝手順
鳥居前で一礼
鳥居の中央は避け、左右どちらかを潜り神域へ、
近道せず必ず鳥居を潜りましょう。
②手水舎(ちょうずや)で身を清める左手→右手を清め→左手で水を受け口をすすぐ再度右手を清め→残った水を柄杓の柄に流し清める
拝殿でお参り
鈴があれば静かに1回鳴らす→お賽銭を納める→2礼、2拍手、1礼心の中で神様と対話→1礼
社務所に立ち寄り、御朱印をいただく御朱印帳を小銭を用意し初穂料とともに預ける→カバーなどは外して、書いてもらいたいページを開き上下が正しいか確認して渡す→書き上がったらお礼を言って受取"
W-041,web,1,1344,25376,2476,25404,1132,28,36,※上記は作法の一般的な例で、ご参拝される寺社による異なる場合があります。
W-042,web,1,1881,25814,1942,26214,61,400,6,参加寺社一覧
W-043,web,1,902,26441,1008,26480,106,39,2,福岡
W-044,web,1,1225,26438,1331,26480,106,42,2,佐賀
W-045,web,1,1545,26438,1654,26480,109,42,2,長崎
W-046,web,1,1865,26438,1974,26480,109,42,2,大分
W-047,web,1,2185,26438,2630,26480,445,42,6,"熊本
鹿児島"
W-048,web,1,2825,26435,2928,26480,103,45,2,宮崎
W-049,web,1,1638,26803,2467,27724,829,921,69,"門司港駅
0403
鹿児島本線
直方駅
●二日市駅
福岡県
●鳥栖駅
久留米駅
羽犬塚駅
久大本線
30
31
大分県
登記本線
●玉来駅"
W-050,web,1,1033,27321,1788,28044,755,723,88,"佐賀県
36
(武雄温泉駅
「野温泉駅
佐賀駅
●
江北駅
佐世保职
長崎県
32
大牟田駅
大村車両基地駅
大村駅
鹿児島本線
諫早駅
本課早职
47
/西九州新幹線
長崎駅"
W-051,web,1,2460,27356,2646,27500,186,144,9,"亀川駅
34大分駅"
W-052,web,1,1868,27785,2057,28006,189,221,12,"肥後大津駅
熊本県
60"
W-053,web,1,2550,27968,2576,28025,26,57,5,"70
69"
W-054,web,1,2268,28262,2604,28700,336,438,21,"宮崎県
1
・都農駅
72
●宮崎駅
מן"
W-055,web,1,1619,28470,1910,29040,291,570,23,"出水駅
鹿児島県
鹿児島駅
鹿児島中央駅
寺駅"
W-056,web,1,1049,29491,2822,29529,1773,38,51,肥薩線(八代~吉松間)は「令和2年7月豪雨」による被災のため不通となっています。(2025年1月現在)
W-057,web,1,841,29670,2476,33894,1635,4224,1256,"寺社名からさがす
雷山千如寺大悲王院
28二日市八幡宮
ぜんこくそうほんぐうすいてんぐう29全国総本宮水天宮
30水田天満宮
31下庄八幡神社
大牟田神社
佐賀
とすやさかじんじゃ33鳥栖八坂神社
34佐嘉神社
からつじんじゃ
唐津神社
36大江神大神宮
武雄神社
38豊玉姫神社
陶山神社
長崎
亀山八幡宮
ふくいしかんのんせいがんじ
41福石観音清岩寺
42昊天宮
43富松神社
おおむらじんじゃ44大村神社
45御館山稲荷神社
46諫早神社(九州総守護四面宮)
47高城神社
ちんぜいたいしゃすわじんじゃ
48鎮西大社諏訪神社
ふちじんじゃ
淵神社
大分
50奥平神社
※本サイト記載されている情報は2025年1月現在のものです。※御朱印の初穂料やデザイン等は変更となる場合がございます。※御朱印対応時間は施設により異なります。また、頒布可能日や時間は急遽変わる可能性があります。※掲載の写真、御朱印、特別御朱印の画像はイメージです。
※御朱印を受けるには各寺社が定める初穂料が必要です。
※境内には撮影禁止区域があります。マナーを守ってご参拝ください。
福岡
こうそうはちまんぐう甲宗八幡宮
"
W-058,web,1,2153,29664,2995,33516,842,3852,722,"特別このマークは特別御朱印が御朱印ある寺社です。
(特別)
御朱印
【特別
はちまんかまどじんじゃ
八幡竈門神社
御朱印
かすがじんじゃ53春日神社
【特別
御朱印
うえのわかみやはちまんしゃ
【特別
54上野若宮八幡社
御朱印
おおはらはちまんぐう
特別御朱印
55大原八幡宮
【特別
おおぎもりいなりじんじゃ
扇森稲荷神社
御朱印
ふくてんまんぐう57福良天満宮
特別御朱印
うずきやさかじんじゃ
特別
臼杵八坂神社
御朱印
ごしょみょうじんしゃ59五所明神社
特別
御朱印
熊本
特別
60肥後國総鎮護北岡神社
御朱印
おおづひよしじんじゃ
61大津日吉神社
あそじんじゃ62阿蘇神社
やつしろぐう八代宮
鹿児島
すわじんじゃ
諏訪神社
<特別
たけべじんじゃ
65建部神社
御朱印
/特別御朱印
谷山神社
さつまぎおんぐうやさかじんじゃ薩摩祇園宮八坂神社
【特別
御朱印
かごしまじんぐ
特別朱印
御朱印68鹿児島神宮
(特別
宮崎
御朱印
いまやまはちまんぐう
特別
特別御朱印
御朱印69今山八幡宮
【特別
特別
70今山大師
御朱印
御朱印
(特別
【特別
御朱印71都農神社
みさきじ"
W-059,web,1,1625,34032,2406,34086,781,54,11,パンフレットはこちら>
W-060,web,1,1881,34486,1942,34931,61,445,7,よくあるご質問
W-061,web,1,857,35152,2195,35382,1338,230,68,"Q御朱印をいただける時間帯は?
A寺社が参拝可能な時間とは別に御朱印受付時間があることが多いです。
時間は各施設の情報をご確認ください。"
W-062,web,1,857,35520,2195,35750,1338,230,68,"Q御朱印帳を持参し忘れた場合は?
A神社備え付けの紙に書いていただけますのでその旨お伝えしましょう。
帰宅後御朱印帳に綴じて保管します。"
W-063,web,1,841,35872,1689,36044,848,172,39,"Q御朱印をいただく時納めるべき初穂料は?
各施設の情報をご確認ください。
QA"
W-064,web,1,857,36153,2979,36390,2122,237,90,"Q御朱印帳の注意点
A表裏両面使いも可能ですが、表面のみ使用するのが基本。仏壇や神棚で保管するのがベストですが、ない場合は家
のながで神域を設けて、書籍などとは区別して保管します。"
P-001,pdf,1,293,329,1751,2460,1458,2131,888,"おトクなきっぷで
九州の寺社めぐりをしよう!
特別御朱印
JR九州の
JR九州の駅長がおすすめする対象の寺社に特別御朱印と初穂料を納めると、九州寺社めぐり限定の特別御朱印がいただけます。
JR九州普通・快速列車
特別與朱印
数量限定!特別御朱印帳
ぐるっと九州
連続する3日間
寺社めぐりきっぷ
乗り放題
特別御印帳付
[JR九州のみどりの窓口]17,000円[JR九州インターネット列車予約]15,500円
します。が必要になります。
JR九州普通・快速列車
特別御朱印
ぐるっと九州
連続する3日間
5枚
乗り放題
寺社めぐりきっぷ
[JR九州インターネット列車予約]14,300円いたしません。
■発売期間:2025年1月27日(月)~10月29日(水)■ご利用期間:2025年2月1日(土)~10月31日(金)■有効期間:ご利用開始日から連続する3日間JRになれます。
○JR九
「JR九州
予行JR
対する等が別途必要
インターは、
ネット予約
です。
さらに!2025年4月1日より、九州の鉄道の普通快速列車1日乗り放題が3回(人)分利用できる特別御朱印の「旅名人の九州満寺社めぐりきっぷ"
P-002,pdf,1,2574,378,3026,786,452,408,19,"駅長がおすすめする寺社を紹介!
[九州"
P-003,pdf,1,2594,1030,3059,1478,465,448,4,"ぐ社
り"
P-004,pdf,1,2867,1401,3018,1523,151,122,15,"2.1(+)
10.31(+)"
P-005,pdf,1,1576,2293,1731,2521,155,228,14,"詳しくはこちら
024000"
P-006,pdf,1,2725,2427,3373,3271,648,844,47,"03菅原神社
りすの時代古くから下町神として、などの集めている
JRレール駅徒歩町1-6
JR"
P-007,pdf,1,207,3034,1376,4460,1169,1426,175,"JR九州の駅長がおすすめする九州の寺社
九州
寺社めぐり2025年2月1日(土)~10月31日(金)
九州には日本に伝わる神話や伝説が多く歴史を持つ寺社があります。
日本の歴史や文化に触れてはいかがでしょうか。参拝した後は「御」をいただきご縁が結ばれた証を持ち帰りましょう。
長類
福岡県
長助劑
福岡県
|鹿児島用
[美平神社]
一宮神社
日本神社"
P-008,pdf,1,2028,3026,2484,3234,456,208,29,"02布神社
す
伐したことから
JR「和神社前」下車、徒歩"
P-009,pdf,1,2045,3633,2533,3870,488,237,46,"04小倉祗園八坂神社
1
しみを込めて」とも呼ばれている。
JR西小倉駅から徒歩5分
2-2"
P-010,pdf,1,2871,3645,3385,3870,514,225,35,"05正八幡宮
としてを深めている。
JR駅から徒歩約5分
-1
る人々"
P-011,pdf,1,378,3967,521,4187,143,220,19,"町西河神社
八坂神
2八幡宮
春日神社"
P-012,pdf,1,647,3963,721,4085,74,122,6,"STRE
駅"
P-013,pdf,1,2045,4236,2550,4468,505,232,36,"06風治八幡宮
どの
JR田川伊田駅から徒歩約1分
2-30
えられる。"
P-014,pdf,1,2859,4236,3197,4472,338,236,37,"07平等寺(三井寺)
JR川駅から徒歩約15分福岡県田川市伊田2704-1"
P-015,pdf,1,635,4477,892,4717,257,240,14,"駅
駅
熊本県
GRAERS"
P-016,pdf,1,2998,4301,3389,4350,391,49,13,"だまれている。
なお地蔵様"
P-017,pdf,1,1083,4570,1808,5067,725,497,50,"は
ください
などに「関の守
としてきた。
約12分
1-7-18
01甲八幡宮
に
詳しくはこちら"
P-018,pdf,1,2028,4843,2660,5153,632,310,42,"08春日神社7750
JR田川後藤寺駅から徒歩約8分]
市町6-13
では、
畏神冰"
P-019,pdf,1,2908,4827,3654,5393,746,566,31,"|多賀神社
JR駅から徒歩約7分
701
C
イメージです。2"
P-020,pdf,1,203,5031,879,5344,676,313,29,"鹿児島神宮
宮崎神宮
青島神社
[佐駕照
本人駅
神社
A"
P-021,pdf,1,244,5817,696,6016,452,199,21,"10神社
したがる。
JR駅約5分
ためら"
P-022,pdf,1,1071,5825,1605,6053,534,228,32,"鍵相八幡宮
しまれている。記したもの
JR駅から徒歩約5分2-3"
P-023,pdf,1,2049,5821,2448,6049,399,228,22,"18宮地神社
光
JR約30分
7-1
しい"
P-024,pdf,1,2880,5825,3189,6049,309,224,27,"19香椎宮
JR香椎神宮駅から徒歩約4分
4-16-1"
P-025,pdf,1,293,6416,594,6656,301,240,40,"|登山八幡神社
としても知られる
JR八幡駅から徒歩約5分
市東区の町4-4-1"
P-026,pdf,1,635,6424,778,6505,143,81,12,"[特別あり]
2003年"
P-027,pdf,1,1091,6424,1425,6652,334,228,28,"13春日神社
JR駅から徒歩約10分
藤田1-10-44"
P-028,pdf,1,2045,6428,2317,6652,272,224,16,"20宇美八幡宮
JR
1-1-1"
P-029,pdf,1,2904,6424,3377,6652,473,228,36,"補陀洛寺
キー・
としてのシーズンが訪れる。
JR歩約3分
-12-40"
P-030,pdf,1,1641,6623,1772,6852,131,229,14,"[崎駅園上駅員
「神神
社社"
P-031,pdf,1,244,7019,574,7255,330,236,21,"14岡田宮
多くの
JR約7分
開町1-1"
P-032,pdf,1,1091,7006,1600,7251,509,245,45,"15一宮神社
運のご利益を伝えられ
されている。
JR駅から徒歩約15分
区山町12-36"
P-033,pdf,1,2028,7006,2562,7251,534,245,38,"22崎宮
としても有名で地元プ
JR駅から徒歩約8分1-22-1
運の神
1"
P-034,pdf,1,2855,7014,3385,7251,530,237,51,"23十日恵比須神社
「えび
では、並び、全国からも
多くの人がれる
なん
JR駅から徒歩約5分
7-1"
P-035,pdf,1,260,7621,769,7854,509,233,48,"16日神社
したのがされる
現在では「人生における
JR「学校下車徒歩8分
九州市八幡
「あり」"
P-036,pdf,1,1087,7617,1592,7809,505,192,32,"17寺
JR東駅からバスで「宗像大社前」下車徒歩約17分
日本で"
P-037,pdf,1,2024,7621,2403,7854,379,233,27,"24一之宮住吉神社
シティ」は、
JR博
3-1-51"
P-038,pdf,1,2871,7613,3112,7703,241,90,11,"25太郎丸神社
しても"
P-039,pdf,1,3087,7784,3299,7850,212,66,12,"たろ」下車徒
2-7-1"
P-040,pdf,1,260,8595,631,8831,371,236,24,"26櫻井神社
JRバスで「桜井」下車、
4227"
P-041,pdf,1,1091,8595,1503,8795,412,200,15,"雷山千如寺大王院
JRで下車徒"
P-042,pdf,1,2028,8599,2529,8835,501,236,30,"34神社
BROW
JR神社前」下車徒歩すぐ
2-10-43"
P-043,pdf,1,2900,8603,3091,8831,191,228,17,"唐津神社
JR駅から徒歩
3-13"
P-044,pdf,1,2419,8689,2680,9047,261,358,17,"アームストロング
念佐今
社
一ノ"
P-045,pdf,1,236,9206,765,9434,529,228,57,"二日市八幡宮
神として
されていちょう)に
とされ、すると一面を上げる。
JR二日市駅から徒歩約5分
3-6-35"
P-046,pdf,1,1071,9194,1596,9434,525,240,60,"29全国総本宮水天宮
す
としてまたどることでも知られる。
JR久留米駅から徒歩約10分
福岡県久留米市瀬下町265-1"
P-047,pdf,1,2028,9206,2342,9389,314,183,35,"36大江神大神宮
331(大学3年)
上げたたられてきた
JR約25分"
P-048,pdf,1,2876,9194,3201,9434,325,240,28,"|武雄神社
集めている。
JR駅から徒歩約25分5327"
P-049,pdf,1,3201,9267,3385,9316,184,49,11,"一つ、
がある。千年の"
P-050,pdf,1,256,9797,769,9992,513,195,35,"30水田天満宮
神社である本があり
JR歩約20分
しまれているとした"
P-051,pdf,1,1067,9797,1600,10037,533,240,46,"31下庄八幡神社
2011年、子供
ごじょう)の本
JR駅から徒歩約15分
高町下庄1397"
P-052,pdf,1,2040,9805,2432,10029,392,224,32,"38玉神社
JR野温泉駅から徒歩約25分
大学2231-2
人気"
P-053,pdf,1,2692,9805,3393,10033,701,228,43,"39神社
などがされることでも有名JR駅徒歩約10分
町2-5-1
種」とし
野外
野"
P-054,pdf,1,256,10392,765,10595,509,203,28,"32大田神社
村人が
JR大牟田駅10
京都
れている。"
P-055,pdf,1,1067,10392,1438,10632,371,240,41,"33八坂神社
12
により
であるが奉納される。
JRから徒歩約15分
1-867"
P-056,pdf,1,2040,10404,2358,10591,318,187,23,"40亀山八幡宮
として
JR歩約35分
として"
P-057,pdf,1,2847,10400,3613,10958,766,558,39,"|41福石観音清
だ
さて
JR
24-5
よるに写
100
はイメージです。"
P-058,pdf,1,1605,10701,1666,10848,61,147,4,八坂神社
P-059,pdf,1,256,11386,427,11573,171,187,7,"42天宮
JR"
P-060,pdf,1,403,11475,749,11524,346,49,10,"村氏が歌
におされる"
P-061,pdf,1,1071,11390,1523,11577,452,187,41,"43富松神社
を受け、「とんまつさん」神
駅から徒歩約10分
を名乗ったことから、"
P-062,pdf,1,2040,11386,2562,11614,522,228,22,"50
た
JR中
がそびえに入行した平昌
1"
P-063,pdf,1,2855,11382,3263,11606,408,224,44,"51宇佐神宮
全国4万社余りの八幡受
JRバスで約10分
2
されて1300年を迎える。"
P-064,pdf,1,256,11988,765,12213,509,225,54,"44大村神社
サクラとして親しまれる。
JR駅からバスで「大村市役所」下車、徒歩約10分
1-34-34
1"
P-065,pdf,1,1083,11972,1405,12217,322,245,28,"45館山稲荷神社
JR駅から徒歩約20分
1・1
守をち"
P-066,pdf,1,2032,11984,2456,12176,424,192,47,"52八幡竈門神社
全国的にも珍しい
空調のあるなど見どころも多い。
JR亀川駅から徒歩約20分"
P-067,pdf,1,2871,11968,3377,12217,506,249,40,"SELAL
53春神社
JR大分駅から徒歩約20分
4-87
ありながらである。"
P-068,pdf,1,1124,12583,1466,12775,342,192,35,"高城神社
れた。
として、現在も多くの参拝者がある。
駅から徒歩約7分"
P-069,pdf,1,2028,12583,2558,12815,530,232,37,"54上野若宮八幡社
JR大分駅徒歩約15分
大分市上野町
1
大友氏ゆかり"
P-070,pdf,1,293,12587,554,12811,261,224,27,"諫早神社(九州空港
JR駅から徒歩約7分
都町1-12"
P-071,pdf,1,2880,12587,3242,12811,362,224,34,"大原八幡宮
80年に
で、している。|JR駅徒歩約10分
2-104"
P-072,pdf,1,692,12848,883,12962,191,114,3,゜はじ
P-073,pdf,1,244,13178,749,13418,505,240,65,"48西大社諏訪神社
西大社とえられる上
としてされている神くんろ」
日本
JR駅から電車で「神社」下車、徒歩すぐ
長崎県長崎市上山"
P-074,pdf,1,1079,13158,1576,13406,497,248,30,"49神社
JR駅からバスで「ロープウェイ前下車、徒歩すぐ
-"
P-075,pdf,1,1099,13276,1605,13292,506,16,7,した二つ出され
P-076,pdf,1,2028,13194,2550,13374,522,180,27,"56
1616ス
しまれて
と
JR駅から徒歩約20分"
P-077,pdf,1,2855,13178,3613,13740,758,562,35,"57福島天満宮
言い伝えから
JR駅から徒歩約5分
大
イメージです。"
P-078,pdf,1,240,14156,769,14404,529,248,32,"58八坂神
1-1000Ch
|JR駅から徒歩約15分
大分
市"
P-079,pdf,1,1087,14160,1706,14392,619,232,33,"59五所神社
JR駅から徒歩約10分
194
いる。
感じるが
駅"
P-080,pdf,1,2032,14164,2358,14396,326,232,25,"66神社
JR
鹿児島県鹿児島市下福元町784-3"
P-081,pdf,1,2871,14168,3238,14392,367,224,36,"67薩摩祇園八坂神社
一つ「お
しが楽しめる。
JR約10分
町26-1"
P-082,pdf,1,264,14759,721,14995,457,236,31,"|肥後國聽填護北國神社H
めるから
でられる
本日1-8-16"
P-083,pdf,1,1087,14767,1409,14995,322,228,30,"61大津日吉神社
JR肥後大津駅から徒歩約10分
184-1"
P-084,pdf,1,2045,14759,2342,14995,297,236,27,"68鹿児島神宮
JR隼人駅から徒歩約15分
人町9-1"
P-085,pdf,1,2900,14767,3173,15056,273,289,36,"今山八幡宮
いらしてください。
JR駅から徒歩約10分
山下町13875"
P-086,pdf,1,1605,15027,1662,15211,57,184,4,日吉神社
P-087,pdf,1,244,15357,839,15802,595,445,34,"2神社
紀元前と伝えられており、
00
日本。
JR
083-1
社"
P-088,pdf,1,1083,15357,1600,15594,517,237,45,"63Aft
の思し召しにより地として明
JR八代駅からバスで「八代宮前」下車すぐ
7-34"
P-089,pdf,1,2040,15357,2554,15618,514,261,57,"70今山大師
のんごうぶじ)ま
かんじょう)して「
ために
てたことが起となっています。JR駅から徒歩約10分
そ"
P-090,pdf,1,2867,15353,3572,15863,705,510,53,"71神社
に囲まれた方は、気
JR駅から徒歩約20分
をはじめ、
があるとされている。
1329
ただます"
P-091,pdf,1,240,15924,562,16197,322,273,39,"鹿児島
64諏訪神社
ことから安産の神
JR約20分
鹿児島県出水市13-38"
P-092,pdf,1,1087,15952,1466,16193,379,241,28,"65神社
JR鹿児島中央駅から徒歩約17分
3-24-5"
P-093,pdf,1,2028,15944,2558,16193,530,249,49,"APERCATS72宮崎神宮
が祀られている
JR駅から徒歩約10分宮崎県宮崎市神宮2-4-1
神"
P-094,pdf,1,2855,15969,3613,16518,758,549,47,"73青島神社
と呼ばれる
知られる
JR
2-13-1
として親しまれている。
イメージです。"
